Video,Predicted Class
"Golden State Warriors vs Denver Nuggets Full Game Highlights - April 4, 2025 _ NBA Regular Season",Basketball
Houston vs. Duke - Final Four NCAA tournament extended highlights,Basketball
HS BASKETBALL PLAYS THAT BROKE THE INTERNET!,Basketball
The Beauty of NBA - Greatest Moments,Basketball
youtube_CEvcR5aQxI8_1920x1080_h264,Basketball
youtube_-524ku1zdkc_1080x1920_h264 (1),Football
youtube_-524ku1zdkc_1080x1920_h264,Football
youtube_-l1d2ET3m5U_1080x1920_h264,Football
youtube_0I_TYN1AO_E_1080x1920_h264,Football
youtube_0Xr7y_XrdSY_1080x1920_h264,Football
youtube_3zbCHeYFHLU_1080x1920_h264,Football
youtube_8CxbCcKTDso_1080x1920_h264,Football
youtube_8Tfn4nN9r3w_576x1024_h264,Basketball
youtube_BSq82bwimao_1080x1920_h264,Football
youtube_CXLM08fZO5o_1920x1080_h264,Basketball
youtube_d2ErM8Sbzkc_1080x1920_h264,Football
youtube_g4UROqJoYBM_608x1080_h264,Basketball
youtube_GHtIxjKPP9w_1920x1080_h264,Basketball
youtube_iMkU2CNHN54_1920x1080_h264,Basketball
youtube_JxuBULOjBfg_720x1280_h264,Football
youtube_ojR4y-m0YWk_1080x1920_h264,Football
youtube_oXip1VBYAYs_1080x1920_h264,Basketball
youtube_P1Mtw9XUCMI_1080x1920_h264,Football
youtube_QBcwfE-DP4g_1080x1920_h264,Football
youtube_QtRh9S63c9o_1080x1920_h264,Football
youtube_qXxEu1Abd8g_1080x1920_h264,Football
youtube_ScmcwgIte-E_1080x1920_h264,Football
youtube_sFU7UOEmLWs_1080x1920_h264,Football
youtube_VCMwm0CTDZY_720x1280_h264,Basketball
youtube_YvVIlFDAyOU_1080x1920_h264,Football
youtube_ZvWABPraQjQ_720x1280_h264,Basketball
youtube__7K1gDgL5QA_1080x1920_h264,Football
25 MD30,Football
25,Football
Real Madrid vs Valencia 1-2 Highlights & All Goals 2025 HD,Football
youtube_-5nGN_25hBY_1080x1440_h264,Football
youtube_-gX1U5Kq5Pw_720x1280_h264,Football
youtube_-LA8HaWEyiw_1080x1440_h264,Football
youtube_0f08hf-Fdyc_720x1280_h264,Basketball
youtube_5k8UVHxFaiE_1080x1450_h264,Basketball
youtube_5wcJBk7it5c_1080x1920_h264,Football
youtube_7_6ZBI5Ellg_1080x1920_h264,Football
youtube_9CvtiEuZ0Ss_1080x1920_h264,Basketball
youtube_9ZLw5Tl7sDU_1080x1920_h264,Football
youtube_Axtai9zIAiI_1080x1920_h264,Football
youtube_brSxcE4C6Xg_1080x1920_h264,Football
youtube_C1xbvh_f9yk_720x1280_h264,Football
youtube_cr3wJi8TcvE_1080x1920_h264,Football
youtube_cugglBFUs9E_1080x1440_h264,Football
youtube_cXROOtSmRbQ_1080x1920_h264,Football
youtube_CZUjiosApfE_1080x1440_h264,Football
youtube_F0rB5W9H2Js_1080x1440_h264,Football
youtube_FEhu0IV2sxw_1080x1920_h264,Football
youtube_Fs7w26DzQSE_1080x1440_h264,Football
youtube_h2wOzlG8glo_1080x1920_h264,Football
youtube_HFcOoLG7PIA_720x1280_h264,Football
youtube_jAeZgFTX2EI_1080x1350_h264,Basketball
youtube_K16Jj7Zy2Ss_1080x1920_h264,Football
youtube_kRuIyIUHc70_1080x1920_h264,Football
youtube_lG5fBDsSixM_1920x1080_h264,Football
youtube_NdaBSPrcfTg_1080x1350_h264,Football
youtube_Np-Kwz4RDpY_1920x1080_h264,Football
youtube_NpGqW0wC9d4_1080x1440_h264,Football
youtube_Og3bhXISfbI_1080x1920_h264,Football
youtube_oKB5IsaTHV0_1080x1920_h264,Football
youtube_oMNvQzwQTCc_720x1280_h264,Football
youtube_oPKbMf6-hDY_1080x1400_h264,Football
youtube_qGkSsPXsPpY_1080x1312_h264,Football
youtube_rLq8HuItZMs_1080x1920_h264,Football
youtube_s_Dzi25X5AM_1080x1440_h264 (1),Football
youtube_s_Dzi25X5AM_1080x1440_h264,Football
youtube_T15N9QYWccY_720x1280_h264,Basketball
youtube_Tbr0lXqG5TA_1080x1440_h264,Football
youtube_tlZMBpCUVuA_1080x1920_h264,Football
youtube_tqqtFny35bw_1080x1920_h264,Football
youtube_UwlworoJZ7I_1080x1440_h264,Football
youtube_VcIFM56eQOM_1080x1920_h264,Football
youtube_X5Z-ao24MZ4_1080x1920_h264,Football
youtube_X_q_sGJMeDk_1080x1350_h264,Football
youtube_y02mOQudT3E_720x1280_h264,Football
youtube_yn-aezEpGqA_1080x1920_h264,Football
youtube_zU1neBVYa-w_1080x1920_h264,Football
